Data,Eólica,Fotovoltaica,Hidráulica,Outras,Térmica,Eólica_N,Eólica_NE,Eólica_S,Eólica_SE,Fotovoltaica_N,Fotovoltaica_NE,Fotovoltaica_S,Fotovoltaica_SE,Hidráulica_N,Hidráulica_NE,Hidráulica_S,Hidráulica_SE,Outras_N,Outras_NE,Outras_S,Outras_SE,Térmica_N,Térmica_NE,Térmica_S,Térmica_SE
2000-01-01,0.0,0.0,27711264.85,50755.6,1811204.5,0.0,0.0,0.0,0.0,0.0,0.0,0.0,0.0,2459950.9,4056002.8,2580967.05,18614344.1,0.0,0.0,11653.9,39101.7,0.0,13120.5,796827.7,1001256.3
2000-02-01,0.0,0.0,26849928.0,11439.0,1774608.1,0.0,0.0,0.0,0.0,0.0,0.0,0.0,0.0,2196414.2,3929162.1,2784065.8,17940285.9,0.0,0.0,11439.0,0.0,0.0,36042.4,785591.8,952973.9
2000-03-01,0.0,0.0,28789383.89334,3845.4,1677248.0801,0.0,0.0,0.0,0.0,0.0,0.0,0.0,0.0,2261361.1,4273881.6,2736901.1,19517240.09334,0.0,0.0,3845.4,0.0,0.0,2002.8,720173.05,955072.2301
2000-04-01,0.0,0.0,27810598.9,3600.0,1411177.6,0.0,0.0,0.0,0.0,0.0,0.0,0.0,0.0,2264178.2,4016253.1,2640159.1,18890008.5,0.0,0.0,3600.0,0.0,0.0,6220.1,715123.0,689834.5
2000-05-01,0.0,0.0,28813392.0,4403.1,1330555.7,0.0,0.0,0.0,0.0,0.0,0.0,0.0,0.0,2430484.6,4134384.5,2614775.1,19633747.8,0.0,0.0,4403.1,0.0,0.0,0.0,737651.8,592903.9
2000-06-01,0.0,0.0,27376412.3,7536.9,1405342.6,0.0,0.0,0.0,0.0,0.0,0.0,0.0,0.0,2459298.2,3858099.6,1982757.5,19076257.0,0.0,0.0,7536.9,0.0,0.0,0.0,766866.1,638476.5
2000-07-01,0.0,0.0,27679250.03,5147.5,1345678.8,0.0,0.0,0.0,0.0,0.0,0.0,0.0,0.0,2301696.3,3970817.0,2120500.83,19286235.9,0.0,0.0,5147.5,0.0,0.0,127.4,656160.3,689391.1
2000-08-01,0.0,0.0,27812268.5,8189.2,1974647.4,0.0,0.0,0.0,0.0,0.0,0.0,0.0,0.0,2447966.3,4122559.4,2131513.5,19110229.3,0.0,0.0,8189.2,0.0,0.0,0.0,675844.6,1298802.8
2000-09-01,0.0,0.0,27482979.38,18807.5,1759234.43,0.0,0.0,0.0,0.0,0.0,0.0,0.0,0.0,2299545.46,4015554.5,3098875.6,18069003.82,0.0,0.0,18807.5,0.0,0.0,0.0,464635.5,1294598.93
2000-10-01,0.0,0.0,30034719.41,3536.7,1504013.9396,0.0,0.0,0.0,0.0,0.0,0.0,0.0,0.0,2111459.71,4579029.4,4558859.0,18785371.3,0.0,0.0,3536.7,0.0,0.0,0.0,420474.9,1083539.0396
2000-11-01,0.0,0.0,27613932.59,3573.9,2266698.6306,0.0,0.0,0.0,0.0,0.0,0.0,0.0,0.0,1979779.19,4515380.0,3663974.3,17454799.1,0.0,0.0,3573.9,0.0,0.0,0.0,563853.9,1702844.7306000001
2000-12-01,0.0,0.0,27617699.06,9228.8,2632671.9831,0.0,0.0,0.0,0.0,0.0,0.0,0.0,0.0,2223202.79,4457096.4,2967750.7,17969649.17,0.0,0.0,9228.8,0.0,0.0,0.0,837565.3,1795106.6831
2001-01-01,0.0,0.0,28962382.72,4398.1,2418392.8612,0.0,0.0,0.0,0.0,0.0,0.0,0.0,0.0,2523509.92,4224412.3,4525620.5,17688840.0,0.0,0.0,4398.1,0.0,0.0,120.7,872004.5,1546267.6612
2001-02-01,0.0,0.0,26913947.6,2984.2,2458757.13,0.0,0.0,0.0,0.0,0.0,0.0,0.0,0.0,2361207.1,3855374.9,4403092.1,16294273.5,0.0,0.0,2984.2,0.0,0.0,41.0,759737.5,1698978.6300000001
2001-03-01,0.0,0.0,29808605.2,3730.3,2876248.37,0.0,0.0,0.0,0.0,0.0,0.0,0.0,0.0,2553605.4,4211095.6,5089262.0,17954642.2,0.0,0.0,3730.3,0.0,0.0,24721.3,988615.0,1862912.07
2001-04-01,0.0,0.0,28110677.32,2880.0,2412526.0,0.0,0.0,0.0,0.0,0.0,0.0,0.0,0.0,2566268.62,3603351.9,4567173.0,17373883.8,0.0,0.0,2880.0,0.0,0.0,31748.6,866028.4,1514749.0
2001-05-01,0.0,0.0,26629075.96,5385.5,2574530.63,0.0,0.0,0.0,0.0,0.0,0.0,0.0,0.0,2830709.86,3565125.0,4435943.0,15797298.1,0.0,0.0,5385.5,0.0,0.0,20495.9,974682.9,1579351.83
2001-06-01,0.0,0.0,20979293.82,14169.0,2766489.39,0.0,0.0,0.0,0.0,0.0,0.0,0.0,0.0,2681218.42,2399339.2,3722167.4,12176568.8,0.0,0.0,14169.0,0.0,0.0,26989.2,776412.9,1963087.29
2001-07-01,0.0,0.0,21521666.61,5460.1,2882215.48,0.0,0.0,0.0,0.0,0.0,0.0,0.0,0.0,2109075.81,2319216.1,4960946.3,12132428.4,0.0,0.0,5460.1,0.0,0.0,39588.2,635788.3,2206838.98
2001-08-01,0.0,0.0,21557366.2,4618.0,3135294.67,0.0,0.0,0.0,0.0,0.0,0.0,0.0,0.0,2146083.84,2398286.5,5084527.2,11928468.66,0.0,0.0,4618.0,0.0,0.0,38286.2,870621.9,2226386.57
2001-09-01,0.0,0.0,20601601.2,5178.0,3085156.4,0.0,0.0,0.0,0.0,0.0,0.0,0.0,0.0,1991028.22,2451745.9,4204493.4,11954333.68,0.0,0.0,5178.0,0.0,0.0,41954.67,888462.8,2154738.93
2001-10-01,0.0,0.0,22637673.53,3891.3,3035139.479,0.0,0.0,0.0,0.0,0.0,0.0,0.0,0.0,2170252.73,2591390.1,5263667.6,12612363.1,0.0,0.0,3891.3,0.0,0.0,68452.46,745749.5,2220937.519
2001-11-01,0.0,0.0,22074553.54,3696.5,2926821.5,0.0,0.0,0.0,0.0,0.0,0.0,0.0,0.0,2026158.58,2542530.7,4515343.36,12990520.9,0.0,0.0,3696.5,0.0,0.0,65579.02,768328.9,2092913.58
2001-12-01,0.0,0.0,22629794.84,3614.5,3223731.24,0.0,0.0,0.0,0.0,0.0,0.0,0.0,0.0,2212480.7,2678562.4,4367847.85,13370903.89,0.0,0.0,3614.5,0.0,0.0,68650.39,808368.1,2346712.75
2002-01-01,0.0,0.0,23635930.78,3720.0,3149909.06,0.0,0.0,0.0,0.0,0.0,0.0,0.0,0.0,2432313.2,2936891.5,2743676.98,15523049.1,0.0,0.0,3720.0,0.0,0.0,37352.18,819322.7,2293234.18
2002-02-01,0.0,0.0,22632634.71,3360.0,2677525.63,0.0,0.0,0.0,0.0,0.0,0.0,0.0,0.0,2118409.7,2605566.8,3329636.01,14579022.2,0.0,0.0,3360.0,0.0,0.0,42334.27,755756.4,1879434.96
2002-03-01,0.0,0.0,27235627.69,3883.1,2460620.8,0.0,0.0,0.0,0.0,0.0,0.0,0.0,0.0,2478846.1,3086473.1,3895431.86,17774876.63,0.0,0.0,3883.1,0.0,0.0,16245.1,913996.0,1530379.7
2002-04-01,0.0,0.0,26537238.6,3600.0,2759535.8931,0.0,0.0,0.0,0.0,0.0,0.0,0.0,0.0,2425148.27,3052569.5,3430135.8,17629385.03,0.0,0.0,3600.0,0.0,0.0,28446.9631,819587.3,1911501.6300000001
2002-05-01,0.0,0.0,26104956.66,3636.8,2988313.827,0.0,0.0,0.0,0.0,0.0,0.0,0.0,0.0,2400158.4,3459237.3,3350134.4,16895426.56,0.0,0.0,3636.8,0.0,0.0,12855.007,792428.4,2183030.42
2002-06-01,0.0,0.0,25161253.83,3286.7,2757507.9681,0.0,0.0,0.0,0.0,0.0,0.0,0.0,0.0,2480294.5,3293132.7,4537359.8,14850466.83,0.0,0.0,3286.7,0.0,0.0,4341.8581,625988.7,2127177.41
2002-07-01,0.0,0.0,26105915.97,2212.8,2621205.792,0.0,0.0,0.0,0.0,0.0,0.0,0.0,0.0,2584677.0,3443417.3,4494766.4,15583055.27,0.0,0.0,2212.8,0.0,0.0,7572.87,536640.75,2076992.172
2002-08-01,0.0,0.0,27187482.97,240.0,2408004.5708,0.0,0.0,0.0,0.0,0.0,0.0,0.0,0.0,2345039.1,3531920.6,4508689.8,16801833.47,0.0,0.0,240.0,0.0,0.0,23139.27,560389.51,1824475.7908
2002-09-01,0.0,0.0,25885799.71,0.0,2567952.51,0.0,0.0,0.0,0.0,0.0,0.0,0.0,0.0,2038703.8,3863262.5,4190553.1,15793280.31,0.0,0.0,0.0,0.0,0.0,11042.83,663279.5,1893630.18
2002-10-01,0.0,0.0,28930453.43,198.94,2499896.8871,0.0,0.0,0.0,0.0,0.0,0.0,0.0,0.0,1847141.0,3934851.7,5461821.18,17686639.55,0.0,0.0,0.0,198.94,0.0,14247.3971,498658.8,1986990.69
2002-11-01,0.0,0.0,27809019.62,720.0,2127647.7600000002,0.0,0.0,0.0,0.0,0.0,0.0,0.0,0.0,1530996.2,3964405.1,5715353.0,16598265.32,0.0,0.0,720.0,0.0,0.0,25304.73,365803.85,1736539.18
2002-12-01,0.0,0.0,28228199.49,191.68,2227041.38,0.0,0.0,0.0,0.0,0.0,0.0,0.0,0.0,1350774.7,4174768.9,5610990.7,17091665.19,0.0,0.0,0.0,191.68,0.0,52797.22,398184.7,1776059.46
2003-01-01,0.0,0.0,28591271.68,55.47,2248284.0,0.0,0.0,0.0,0.0,0.0,0.0,0.0,0.0,1871739.1,3864181.9,5413533.5,17441817.18,0.0,0.0,0.0,55.47,0.0,60745.68,363601.2,1823937.12
2003-02-01,0.0,0.0,27070140.96,0.0,2141602.27,0.0,0.0,0.0,0.0,0.0,0.0,0.0,0.0,2153991.8,3291362.36,3696181.88,17928604.92,0.0,0.0,0.0,0.0,0.0,78712.27,539056.2,1523833.8
2003-03-01,0.0,0.0,29006180.7,57.800000000000004,2226608.98,0.0,0.0,0.0,0.0,0.0,0.0,0.0,0.0,2512053.9,3602827.04,4397574.2,18493725.56,0.0,0.0,0.0,57.800000000000004,0.0,42733.23,628342.2,1555533.55
2003-04-01,0.0,0.0,28230909.584,120.0,1839298.92,0.0,0.0,0.0,0.0,0.0,0.0,0.0,0.0,2449510.36,3565764.97,3515912.36,18699721.894,0.0,0.0,120.0,0.0,0.0,70034.84,614314.3,1154949.78
2003-05-01,0.0,0.0,28213153.0,0.0,2049359.263,0.0,0.0,0.0,0.0,0.0,0.0,0.0,0.0,2964589.3,3551200.67,3514146.0,18183217.03,0.0,0.0,0.0,0.0,0.0,47432.84,602847.4,1399079.023
2003-06-01,0.0,0.0,26502197.697,0.0,2623172.102,0.0,0.0,0.0,0.0,0.0,0.0,0.0,0.0,2758821.5,3012935.227,3557211.2,17173229.77,0.0,0.0,0.0,0.0,0.0,69071.2,612377.74,1941723.162
2003-07-01,0.0,0.0,27434234.98,0.0,2663886.86,0.0,0.0,0.0,0.0,0.0,0.0,0.0,0.0,2193864.45,3117575.93,3643504.75,18479289.85,0.0,0.0,0.0,0.0,0.0,107072.23,489995.0,2066819.6300000001
2003-08-01,0.0,0.0,27770091.34,0.0,2378104.09,0.0,0.0,0.0,0.0,0.0,0.0,0.0,0.0,2047381.58,3156514.14,3035653.38,19530542.24,0.0,0.0,0.0,0.0,0.0,57528.71,604269.7,1716305.68
2003-09-01,0.0,0.0,28005096.75,0.0,2085104.11,0.0,0.0,0.0,0.0,0.0,0.0,0.0,0.0,2208280.91,3235642.35,2758655.98,19802517.51,0.0,0.0,0.0,0.0,0.0,43129.36,613701.55,1428273.2
2003-10-01,0.0,0.0,29425695.9,0.0,2322122.15,0.0,0.0,0.0,0.0,0.0,0.0,0.0,0.0,2145355.12,3689793.46,2604156.0,20986391.32,0.0,0.0,0.0,0.0,0.0,92474.13,713230.38,1516417.64
2003-11-01,0.0,0.0,27940502.21,103.69,2942965.8051,0.0,0.0,0.0,0.0,0.0,0.0,0.0,0.0,2060870.45,3439609.88,2810716.28,19629305.6,0.0,0.0,0.0,103.69,0.0,91477.17,723480.84,2128007.7951
2003-12-01,0.0,0.0,28596015.12,272.94,3150896.06,0.0,0.0,0.0,0.0,0.0,0.0,0.0,0.0,2156933.89,3333570.43,3665854.68,19439656.12,0.0,0.0,0.0,272.94,0.0,248913.58,667137.49,2234844.99
2004-01-01,0.0,0.0,28059208.9,0.0,3402108.248,0.0,0.0,0.0,0.0,0.0,0.0,0.0,0.0,2579371.7,2717989.81,4686058.45,18075788.94,0.0,0.0,0.0,0.0,0.0,584056.778,695601.17,2122450.3
2004-02-01,0.0,0.0,27148306.24,0.0,2740063.21,0.0,0.0,0.0,0.0,0.0,0.0,0.0,0.0,2759079.3,3572688.75,3244231.78,17572306.41,0.0,0.0,0.0,0.0,0.0,181698.34,674733.97,1883630.9
2004-03-01,0.0,0.0,30522118.29,0.0,2420539.1102,0.0,0.0,0.0,0.0,0.0,0.0,0.0,0.0,3038979.6,3280098.45,3413446.22,20789594.02,0.0,0.0,0.0,0.0,0.0,216648.73,675576.84,1528313.5402
2004-04-01,0.0,0.0,28928588.45,0.0,2763146.7,0.0,0.0,0.0,0.0,0.0,0.0,0.0,0.0,2752101.1,3878694.13,2716310.9,19581482.32,0.0,0.0,0.0,0.0,0.0,250648.06,749653.39,1762845.25
2004-05-01,0.0,0.0,29672393.02,0.0,2381148.49,0.0,0.0,0.0,0.0,0.0,0.0,0.0,0.0,2892693.2,3962190.92,2912137.85,19905371.05,0.0,0.0,0.0,0.0,0.0,269531.49,797423.61,1314193.39
2004-06-01,0.0,0.0,28346473.47,77.0,2636823.684,0.0,0.0,0.0,0.0,0.0,0.0,0.0,0.0,2861482.5,3226114.13,3180894.87,19077981.97,0.0,0.0,0.0,77.0,0.0,282105.09,814397.65,1540320.944
2004-07-01,0.0,0.0,29567497.15,0.0,2445551.4848,0.0,0.0,0.0,0.0,0.0,0.0,0.0,0.0,2515961.7,3562263.8,4864715.38,18624556.27,0.0,0.0,0.0,0.0,0.0,214041.94,643387.19,1588122.3548
2004-08-01,0.0,0.0,29863009.761,0.0,2746495.63,0.0,0.0,0.0,0.0,0.0,0.0,0.0,0.0,2264464.5,4033446.18,4440500.24,19124598.841,0.0,0.0,0.0,0.0,0.0,194297.73,672005.63,1880192.27
2004-09-01,0.0,0.0,29256472.141,0.0,3312823.125,0.0,0.0,0.0,0.0,0.0,0.0,0.0,0.0,2253703.6,4222745.05,3448659.53,19331363.961,0.0,0.0,0.0,0.0,0.0,255557.43,712766.41,2344499.285
2004-10-01,0.0,0.0,29799539.23,0.0,3248990.9,0.0,0.0,0.0,0.0,0.0,0.0,0.0,0.0,2345696.4,4373452.86,4317273.3,18763116.67,0.0,0.0,0.0,0.0,0.0,298159.57,890376.16,2060455.17
2004-11-01,0.0,0.0,29569343.032,0.0,2882690.67,0.0,0.0,0.0,0.0,0.0,0.0,0.0,0.0,1823530.18,4280077.55,5080112.38,18385622.922,0.0,0.0,0.0,0.0,0.0,277036.56,881581.61,1724072.5
2004-12-01,0.0,0.0,31200181.59,0.0,2176516.88,0.0,0.0,0.0,0.0,0.0,0.0,0.0,0.0,2076057.3,4122811.07,4510375.18,20490938.04,0.0,0.0,0.0,0.0,0.0,218443.05,934676.49,1023397.34
2005-01-01,0.0,0.0,31747163.68,0.0,2150787.68,0.0,0.0,0.0,0.0,0.0,0.0,0.0,0.0,2286356.6,3908751.09,3561287.94,21990768.05,0.0,0.0,0.0,0.0,0.0,299984.87,934243.98,916558.83
2005-02-01,0.0,0.0,29393794.56,0.0,1787955.03,0.0,0.0,0.0,0.0,0.0,0.0,0.0,0.0,2628011.6,3564791.9,3344548.8,19856442.26,0.0,0.0,0.0,0.0,0.0,260705.16,758257.99,768991.88
2005-03-01,0.0,0.0,33283100.29,130.8,1983334.55,0.0,0.0,0.0,0.0,0.0,0.0,0.0,0.0,3110768.8,4602926.63,2934355.4,22635049.46,0.0,0.0,0.0,130.8,0.0,320784.4,880737.51,781812.64
2005-04-01,0.0,0.0,31113907.81,0.0,2555072.47,0.0,0.0,0.0,0.0,0.0,0.0,0.0,0.0,3175144.31,4542914.03,1868524.66,21527324.81,0.0,0.0,0.0,0.0,0.0,194106.16,824615.53,1536350.78
2005-05-01,0.0,0.0,30490403.15,0.0,2747187.28,0.0,0.0,0.0,0.0,0.0,0.0,0.0,0.0,3406015.42,4363533.42,2587994.89,20132859.42,0.0,0.0,0.0,0.0,0.0,206094.57,615983.03,1925109.68
2005-06-01,0.0,0.0,29708969.25,0.0,2576912.676,0.0,0.0,0.0,0.0,0.0,0.0,0.0,0.0,3080622.06,3947909.98,3922816.82,18757620.39,0.0,0.0,0.0,0.0,0.0,186056.64,475734.09,1915121.946
2005-07-01,0.0,0.0,29978420.71,0.0,2601498.98,0.0,0.0,0.0,0.0,0.0,0.0,0.0,0.0,2333831.78,4182933.37,4763950.33,18697705.23,0.0,0.0,0.0,0.0,0.0,162636.13999999998,634617.13,1804245.71
2005-08-01,0.0,0.0,30964859.575,0.0,2887747.59,0.0,0.0,0.0,0.0,0.0,0.0,0.0,0.0,2128138.08,4283445.05,4240930.175,20312346.27,0.0,0.0,0.0,0.0,0.0,209249.94,636913.46,2041584.19
2005-09-01,0.0,0.0,29940047.15,0.0,2728426.537,0.0,0.0,0.0,0.0,0.0,0.0,0.0,0.0,2022905.6,4364890.77,5669668.44,17882582.34,0.0,0.0,0.0,0.0,0.0,178467.06,515382.89,2034576.587
2005-10-01,0.0,0.0,31474686.218,0.0,2998308.924,0.0,0.0,0.0,0.0,0.0,0.0,0.0,0.0,2030986.328,4630544.009,5618052.347,19195103.534,0.0,0.0,0.0,0.0,0.0,205203.846,759453.328,2033651.75
2005-11-01,0.0,0.0,30237723.472,0.0,2955664.353,0.0,0.0,0.0,0.0,0.0,0.0,0.0,0.0,1630480.191,4485313.344,5197858.606,18924071.331,0.0,0.0,0.0,0.0,0.0,193154.404,788174.381,1974335.568
2005-12-01,0.0,0.0,31936265.39,0.0,2282997.556,0.0,0.0,0.0,0.0,0.0,0.0,0.0,0.0,2254641.98,4540447.78,3573545.0,21567630.63,0.0,0.0,0.0,0.0,0.0,143776.71,940000.87,1199219.976
2006-01-01,0.0,0.0,33354777.69,0.0,2175916.84,0.0,0.0,0.0,0.0,0.0,0.0,0.0,0.0,3597109.63,4379478.92,3194376.49,22183812.65,0.0,0.0,0.0,0.0,0.0,129169.06,926413.77,1120334.01
2006-02-01,0.0,0.0,30051735.22,0.0,2679334.328,0.0,0.0,0.0,0.0,0.0,0.0,0.0,0.0,3461954.66,4025162.4,3119484.4,19445133.76,0.0,0.0,0.0,0.0,0.0,102315.98,834507.87,1742510.478
2006-03-01,9.71,0.0,33953958.51,0.0,3139458.84,0.0,9.71,0.0,0.0,0.0,0.0,0.0,0.0,3783878.58,4132106.95,3386333.88,22651639.1,0.0,0.0,0.0,0.0,0.0,117755.24,1047393.12,1974310.48
2006-04-01,344.18,0.0,31438196.71,0.0,2407874.89,0.0,344.18,0.0,0.0,0.0,0.0,0.0,0.0,3372413.88,4304106.45,2631122.85,21130553.53,0.0,0.0,0.0,0.0,0.0,148801.31,731684.36,1527389.22
2006-05-01,1724.6696,0.0,31604886.88,0.0,2629149.26,0.0,1469.53,255.1396,0.0,0.0,0.0,0.0,0.0,3629413.27,4620426.94,2216713.15,21138333.52,0.0,0.0,0.0,0.0,0.0,141248.96,696589.51,1791310.79
2006-06-01,8398.59,0.0,30742586.55,0.0,2404404.48,0.0,4832.74,3565.85,0.0,0.0,0.0,0.0,0.0,3741838.28,4206237.89,1562081.53,21232428.85,0.0,0.0,0.0,0.0,0.0,120921.14,667547.66,1615935.68
2006-07-01,17966.63,0.0,31273776.08,0.0,3036491.69,0.0,9925.25,8041.38,0.0,0.0,0.0,0.0,0.0,3233843.71,4721532.56,1194364.55,22124035.26,0.0,0.0,0.0,0.0,0.0,136064.11,728115.26,2172312.32
2006-08-01,27841.0,0.0,32385394.77,0.0,3060272.33,0.0,14498.22,13342.78,0.0,0.0,0.0,0.0,0.0,3036813.07,5014694.69,1488580.01,22845307.0,0.0,0.0,0.0,0.0,0.0,54380.49,741755.11,2264136.73
2006-09-01,36606.15,0.0,30504688.34,2175.58,3285805.594,0.0,16477.6,20128.55,0.0,0.0,0.0,0.0,0.0,1698265.19,5092167.41,2328876.3,21385379.44,0.0,2175.58,0.0,0.0,0.0,70036.38,1097776.3,2117992.914
2006-10-01,51408.25,0.0,31966125.08,8285.91,3390558.982,0.0,17334.9,34073.35,0.0,0.0,0.0,0.0,0.0,1764735.85,5284864.08,3197333.05,21719192.1,0.0,8285.91,0.0,0.0,0.0,50378.1,1201093.67,2139087.212
2006-11-01,47501.31,0.0,32007462.87,7726.11,2643124.37,0.0,14483.43,33017.88,0.0,0.0,0.0,0.0,0.0,2202162.85,5279297.9,2515102.17,22010899.95,0.0,7726.11,0.0,0.0,0.0,1342.08,782437.61,1859344.68
2006-12-01,45701.36,0.0,32927799.24,6037.78,3002382.34,0.0,11268.84,34432.52,0.0,0.0,0.0,0.0,0.0,2456102.06,5564203.53,2762498.74,22144994.91,0.0,6037.78,0.0,0.0,0.0,1425.69,803711.93,2197244.72
2007-01-01,44518.78,0.0,34351601.71,8374.87,2193644.11,0.0,11624.83,32893.95,0.0,0.0,0.0,0.0,0.0,2577426.63,5624527.44,2802796.82,23346850.82,0.0,8374.87,0.0,0.0,0.0,7233.28,662227.92,1524182.91
2007-02-01,36306.07,0.0,31907345.03,7038.39,1596811.18,0.0,7044.02,29262.05,0.0,0.0,0.0,0.0,0.0,2381905.22,4772189.04,2889699.48,21863551.29,0.0,7038.39,0.0,0.0,0.0,11505.68,478220.34,1107085.16
2007-03-01,28729.61,0.0,36912042.496,6857.58,1728039.65,0.0,10960.62,17768.99,0.0,0.0,0.0,0.0,0.0,3369293.67,5414515.77,4219148.77,23909084.286,0.0,6857.58,0.0,0.0,0.0,10925.63,575756.56,1141357.46
2007-04-01,37405.24,0.0,34440193.39,3757.13,1594645.62,0.0,8752.49,28652.75,0.0,0.0,0.0,0.0,0.0,4053983.13,4447975.11,4355681.55,21582553.6,0.0,3757.13,0.0,0.0,0.0,17458.67,454627.12,1122559.83
2007-05-01,39726.35,0.0,34320089.65,15295.86,1765746.7,0.0,7758.84,31967.51,0.0,0.0,0.0,0.0,0.0,3787554.8,4471177.54,6699683.31,19361674.0,0.0,2421.25,0.0,12874.61,0.0,17021.24,312822.11,1435903.35
2007-06-01,39830.25,0.0,32728498.23,49275.87,2026384.195,0.0,7529.31,32300.94,0.0,0.0,0.0,0.0,0.0,2609343.75,4673640.25,6123882.29,19321631.94,0.0,40.12,0.0,49235.75,0.0,17302.07,715548.595,1293533.53
2007-07-01,45050.0,0.0,33723919.28,96970.44,2484852.351,0.0,8390.8,36659.2,0.0,0.0,0.0,0.0,0.0,2315561.0,5206091.69,5485110.41,20717156.18,0.0,0.0,0.0,96970.44,0.0,76041.72,933624.451,1475186.18
2007-08-01,65264.61,0.0,34162861.484,260628.58000000002,2842103.16,0.0,16819.22,48445.39,0.0,0.0,0.0,0.0,0.0,2598055.32,4199990.86,5987845.12,21376970.184,0.0,0.0,0.0,260628.58000000002,0.0,86724.87,843344.46,1912033.83
2007-09-01,54311.04,0.0,32581487.728,185090.33,3013115.03,0.0,19548.8,34762.24,0.0,0.0,0.0,0.0,0.0,1918665.03,5133582.03,4154821.72,21374418.948,0.0,288.0,0.0,184802.33,0.0,131957.74,866790.61,2014366.68
2007-10-01,67437.93000000001,0.0,34546571.97,289799.19,3150210.46,0.0,20391.59,47046.34,0.0,0.0,0.0,0.0,0.0,1427652.67,5524840.92,5556605.74,22037472.64,0.0,903.61,0.0,288895.58,0.0,114689.8,963357.61,2072163.05
2007-11-01,48960.18,0.0,32681926.18,281042.63,3399339.93,0.0,15757.03,33203.15,0.0,0.0,0.0,0.0,0.0,1290971.06,5192345.5,5543850.18,20654759.44,0.0,8503.0,0.0,272539.63,0.0,122804.8,1039720.18,2236814.95
2007-12-01,51373.38,0.0,33552735.71,295859.05,3725626.93,0.0,15952.39,35420.99,0.0,0.0,0.0,0.0,0.0,1585958.97,4420703.06,5184058.64,22362015.04,0.0,10810.31,0.0,285048.74,0.0,356657.76,1164816.29,2204152.88
2008-01-01,54325.81,0.0,32988145.84,311117.27,4520055.01,0.0,13399.59,40926.22,0.0,0.0,0.0,0.0,0.0,2660071.9,2849798.25,5723842.01,21754433.68,0.0,8745.66,0.0,302371.61,0.0,816504.12,993977.39,2709573.5
2008-02-01,42467.56,0.0,30861493.01,314959.22,4660763.71,0.0,10371.710000000001,32095.85,0.0,0.0,0.0,0.0,0.0,4030936.19,2390276.0,4824826.32,19615454.5,0.0,8975.78,0.0,305983.44,0.0,756307.92,910038.1,2994417.69
2008-03-01,29243.05,0.0,33832745.04,341949.22,4461428.72,0.0,3872.1,25370.95,0.0,0.0,0.0,0.0,0.0,4718772.89,2698921.88,3131648.66,23283401.61,0.0,7733.64,0.0,334215.58,0.0,603447.34,838855.01,3019126.37
2008-04-01,22582.06,0.0,33205496.79,364584.08,3776590.93,0.0,3922.31,18659.75,0.0,0.0,0.0,0.0,0.0,4726315.17,3061055.63,2473650.26,22944475.73,0.0,6140.82,0.0,358443.26,0.0,280280.42,596842.62,2899467.89
2008-05-01,41149.65,0.0,33842839.77,338467.81,3303781.3,0.0,5170.89,35978.76,0.0,0.0,0.0,0.0,0.0,4924385.75,3027868.9,3658157.45,22232427.67,0.0,4514.02,0.0,333953.79,0.0,303409.66,740175.54,2260196.1
2008-06-01,41807.44,0.0,33278718.31,272549.72,3401786.19,0.0,9263.74,32543.7,0.0,0.0,0.0,0.0,0.0,3145168.17,3066398.75,5155694.27,21911457.12,0.0,0.0,0.0,272549.72,0.0,322731.97,839139.04,2239915.18
2008-07-01,37323.84,0.0,33237580.94,279374.87,3854046.39,0.0,13593.16,23730.68,0.0,0.0,0.0,0.0,0.0,2596072.96,3307186.96,5734894.79,21599426.23,0.0,0.0,0.0,279374.87,0.0,152873.49,602873.28,3098299.62
2008-08-01,52033.46,0.0,34105758.68,277392.89,3940915.23,0.0,13163.67,38869.79,0.0,0.0,0.0,0.0,0.0,2174848.42,4294655.58,4689882.32,22946372.36,0.0,0.0,0.0,277392.89,0.0,136429.75,679542.94,3124942.54
2008-09-01,62245.76,0.0,32954154.82,251184.39,3746556.71,0.0,15097.12,47148.64,0.0,0.0,0.0,0.0,0.0,2038292.17,4120390.02,5625760.88,21169711.75,0.0,1380.0,0.0,249804.39,0.0,116685.42,452321.01,3177550.28
2008-10-01,58394.03,0.0,34893852.31,244550.66999999998,4085522.6,0.0,19828.0,38566.03,0.0,0.0,0.0,0.0,0.0,1944697.8699999999,4866765.84,6109189.98,21973198.62,0.0,7423.73,0.0,237126.94,0.0,144803.32,647062.97,3293656.31
2008-11-01,64053.17,0.0,32992075.87,150471.03,3389504.72,0.0,15157.69,48895.48,0.0,0.0,0.0,0.0,0.0,1633547.34,4593911.82,7385631.66,19378985.05,0.0,8184.4,0.0,142286.63,0.0,158003.56,289208.76,2942292.4
2008-12-01,51097.26,0.0,31474213.69,192401.75,4058016.75,0.0,12428.18,38669.08,0.0,0.0,0.0,0.0,0.0,2060554.49,3978484.22,5576962.48,19858212.5,0.0,11160.0,0.0,181241.75,0.0,172493.91,651624.01,3233898.83
2009-01-01,43644.75,0.0,33432357.43,166866.0011,2675595.96,0.0,10906.31,32738.44,0.0,0.0,0.0,0.0,0.0,3705252.41,3346514.46,5055984.14,21324606.42,0.0,11160.0,569.6410999999999,155136.36,0.0,167437.22,530289.82,1977868.92
2009-02-01,32474.71,0.0,32326080.12,135084.62,1998496.42,0.0,7572.54,24902.17,0.0,0.0,0.0,0.0,0.0,3986472.44,3528705.37,3447150.62,21363751.69,0.0,10080.0,1.6400000000000001,125002.98,0.0,43689.12,604964.67,1349842.6300000001
2009-03-01,40396.57,0.0,36725603.31,146869.08,2526210.58,0.0,5953.4,34443.17,0.0,0.0,0.0,0.0,0.0,5056227.98,4052647.65,3467247.9,24149479.78,0.0,11160.0,44.18,135664.9,0.0,63728.45,643093.26,1819388.87
2009-04-01,24205.35,0.0,33722809.09,147022.88,1953820.57,0.0,2715.36,21489.99,0.0,0.0,0.0,0.0,0.0,4361093.46,3972228.96,2123340.8,23266145.87,0.0,10800.0,0.0,136222.88,0.0,80790.43,488604.04,1384426.1
2009-05-01,29978.22,0.0,32879186.58,186776.05,3213442.63,0.0,3354.5099999999998,26623.71,0.0,0.0,0.0,0.0,0.0,4664173.56,5080238.94,1386051.48,21748722.6,0.0,11160.0,0.0,175616.05,0.0,18404.47,910712.67,2284325.49
2009-06-01,42675.228,0.0,31430618.32,147224.03,3182928.0,0.0,6868.89,35806.338,0.0,0.0,0.0,0.0,0.0,4658275.88,4474734.92,1378894.4,20918713.12,0.0,10800.0,960.0,135464.03,0.0,245588.71,865787.78,2071551.51
2009-07-01,40100.24,0.0,34111836.43,134451.26,2485361.71,0.0,6583.3099999999995,33516.93,0.0,0.0,0.0,0.0,0.0,3361982.22,4716093.6,3981410.65,22052349.96,0.0,11160.0,35.32,123255.94,0.0,334471.34,542379.24,1608511.1300000001
2009-08-01,58161.56,0.0,35524833.99,213635.26,1287590.66,0.0,27499.05,30662.51,0.0,0.0,0.0,0.0,0.0,2722607.97,4354335.9,7545154.98,20902735.14,0.0,11160.0,0.0,202475.26,0.0,184144.02,437385.03,666061.61
2009-09-01,87092.34,0.0,34820546.77,199683.5348,1836061.26,0.0,50045.97,37046.37,0.0,0.0,0.0,0.0,0.0,2077710.05,4135281.5,7732171.01,20875384.21,0.0,10800.0,0.0,188883.5348,0.0,294570.83,305750.74,1235739.69
2009-10-01,103028.55,0.0,36141215.81,168025.19,1891139.06,0.0,64195.86,38832.69,0.0,0.0,0.0,0.0,0.0,1754888.24,4761823.57,7973557.33,21650946.67,0.0,11145.0,0.0,156880.19,0.0,214236.84,390673.51,1286228.71
2009-11-01,108681.96,0.0,36617350.21,192776.07,1949384.75,0.0,72498.77,36183.19,0.0,0.0,0.0,0.0,0.0,1847303.31,4924839.11,7151208.67,22693999.12,0.0,10800.0,0.0,181976.07,0.0,96695.48,379872.28,1472816.99
2009-12-01,99912.51,0.0,36772385.93,226029.69,2119241.75,0.0,63964.05,35948.46,0.0,0.0,0.0,0.0,0.0,3102581.12,4523106.86,6536885.97,22609811.98,0.0,11160.0,0.0,214869.69,0.0,115767.36,384027.02,1619447.37
2010-01-01,82524.62,0.0,37584687.7194,281191.4,2295586.3396,0.0,56791.87,25732.75,0.0,0.0,0.0,0.0,0.0,3964349.97,4256469.35,6202982.2174,23160886.182,0.0,11160.0,0.0,270031.4,4915.7496,86175.49,387943.56,1816551.54
2010-02-01,109803.99,0.0,35377034.59,248238.79,2397099.5,0.0,91514.34,18289.65,0.0,0.0,0.0,0.0,0.0,4360598.92,4030016.93,6208570.07,20777848.67,0.0,10077.25,0.0,238161.54,4797.77,102342.69,409806.59,1880152.45
2010-03-01,108672.8,0.0,39298854.39,179067.61,2625835.84,0.0,80838.44,27834.36,0.0,0.0,0.0,0.0,0.0,5399970.95,4257481.62,6572704.86,23068696.96,0.0,11160.0,0.0,167907.61,0.0,53236.62,455956.71,2116642.51
2010-04-01,66455.359,0.0,36035007.01,171056.81,2263722.29,0.0,50788.119,15667.24,0.0,0.0,0.0,0.0,0.0,5034062.11,3505256.51,6003180.32,21492508.07,0.0,10800.0,0.0,160256.81,0.0,333376.75,391815.02999999997,1538530.51
2010-05-01,88025.3658,0.0,35750474.97,209739.5,3144384.17,0.0,58811.5358,29213.83,0.0,0.0,0.0,0.0,0.0,4489104.82,3506071.68,6709194.25,21046104.22,0.0,11160.0,0.0,198579.5,0.0,431163.63,462783.95,2250436.59
2010-06-01,108748.2,0.0,33116030.53,203059.2,4314738.94,0.0,74969.97,33778.23,0.0,0.0,0.0,0.0,0.0,2963970.65,3090508.34,6928591.11,20132960.43,0.0,10800.0,504.0,191755.2,0.0,715199.18,606816.77,2992722.99
2010-07-01,108483.1,0.0,35346344.0,233040.94,3977197.77,0.0,69644.13,38838.97,0.0,0.0,0.0,0.0,0.0,2678527.42,3481575.06,7216766.14,21969475.38,0.0,5730.0,0.0,227310.94,0.0,722675.36,509964.12,2744558.29
2010-08-01,156266.837,0.0,33901026.4,275889.47,5450953.81,0.0,123609.437,32657.4,0.0,0.0,0.0,0.0,0.0,2357909.58,3364576.49,6986657.27,21191883.06,0.0,0.0,545.96,275343.51,0.0,810783.35,995537.52,3644632.94
2010-09-01,193164.55,0.0,32438092.7,296215.55,6375780.9,0.0,144581.1,48583.45,0.0,0.0,0.0,0.0,0.0,1909906.17,3622079.73,5660644.68,21245462.12,0.0,0.0,722.1,295493.45,58.6,1113568.04,1027509.77,4234644.49
2010-10-01,142161.15,0.0,33984712.77,318534.84,5584126.16,0.0,115181.52,26979.63,0.0,0.0,0.0,0.0,0.0,1507061.06,4251383.39,6098937.22,22127331.1,0.0,0.0,873.02,317661.82,1541.55,1096267.21,889401.38,3596916.02
2010-11-01,157932.05,0.0,33563671.17,294963.24,5132454.62,0.0,128112.75,29819.3,0.0,0.0,0.0,0.0,0.0,1596276.07,3781121.07,5019713.69,23166560.34,0.0,0.0,974.64,293988.6,205.95,1094014.25,944856.02,3093378.4
2010-12-01,125133.09,0.0,36397097.05,227841.07,4443647.75,0.0,91282.77,33850.32,0.0,0.0,0.0,0.0,0.0,1803000.21,4505302.79,6273918.94,23814875.11,0.0,0.0,385.13,227455.94,0.0,629835.88,684560.34,3129251.53
2011-01-01,70895.3,0.0,38783246.19,263614.8,2819680.66,0.0,50805.01,20090.29,0.0,0.0,0.0,0.0,0.0,3735426.97,4246052.49,6624608.69,24177158.04,0.0,0.0,0.0,263614.8,92.9,232679.18,385517.44,2201391.14
2011-02-01,63545.3,0.0,36668906.52,294747.0812,2633732.31,0.0,47271.81,16273.49,0.0,0.0,0.0,0.0,0.0,4241455.33,3932191.53,7671061.26,20824198.4,0.0,0.0,0.0,294747.0812,0.0,135090.1,470221.16,2028421.05
2011-03-01,75603.98,0.0,39243077.593,345547.61,2575107.22,0.0,31380.08,44223.9,0.0,0.0,0.0,0.0,0.0,4659190.99,4279194.52,7463755.83,22840936.253,0.0,0.0,0.0,345547.61,0.0,284341.43,271413.25,2019352.54
2011-04-01,42688.3,0.0,37769820.23,394679.85,2145919.07,0.0,25067.97,17620.33,0.0,0.0,0.0,0.0,0.0,4986968.53,4036042.88,6642616.67,22104192.15,0.0,0.0,0.0,394679.85,0.0,135526.08,318926.84,1691466.15
2011-05-01,66097.75,0.0,37202252.08,379201.87,2877675.89,0.0,39708.39,26389.36,0.0,0.0,0.0,0.0,0.0,5335488.25,3456295.83,6513479.39,21896988.61,0.0,0.0,0.0,379201.87,56.82,616026.02,442569.86,1819023.19
2011-06-01,113012.3,0.0,35042281.41,380822.89,3553699.83,0.0,61922.19,51090.11,0.0,0.0,0.0,0.0,0.0,3699057.8,3653518.87,5798560.45,21891144.29,0.0,0.0,0.0,380822.89,769.18,645479.63,531934.9,2375516.12
2011-07-01,150133.03,0.0,36725450.21,321729.38,3558504.59,0.0,80955.14,69177.89,0.0,0.0,0.0,0.0,0.0,2383854.82,3965060.2,8188930.93,22187604.26,0.0,0.0,0.0,321729.38,0.0,649703.4400000001,484227.86,2424573.29
2011-08-01,239803.58,0.0,38603077.43,386042.7,3221198.52,0.0,147416.54,92387.04,0.0,0.0,0.0,0.0,0.0,2817471.77,4264434.71,8906057.96,22615112.99,0.0,0.0,0.0,386042.7,0.0,432761.76,481714.7,2306722.06
2011-09-01,246533.74,0.0,37308228.45,319349.69,2999347.06,0.0,174128.28,72405.46,0.0,0.0,0.0,0.0,0.0,2852905.44,4494474.87,8254373.29,21706474.85,0.0,0.0,0.0,319349.69,0.0,431699.32,442055.98,2125591.76
2011-10-01,263157.43,0.0,37732448.8,248753.01,3529641.53,0.0,195952.58,67204.85,0.0,0.0,0.0,0.0,0.0,2253056.58,5039998.51,8122561.79,22316831.92,0.0,0.0,0.0,248753.01,0.0,762711.41,598406.49,2168523.63
2011-11-01,294414.03,0.0,36600478.03,285705.05,3744222.1,0.0,212313.21,82100.82,0.0,0.0,0.0,0.0,0.0,1884993.77,4460324.53,7314476.6,22940683.13,0.0,0.0,0.0,285705.05,0.0,745144.0,628501.67,2370576.43
2011-12-01,278548.34,0.0,38481884.07,257792.34,3781282.93,0.0,205857.8,72690.54,0.0,0.0,0.0,0.0,0.0,3842210.53,4695608.4,4976180.06,24967885.08,0.0,0.0,0.0,257792.34,0.0,696429.58,622423.46,2462429.89
2012-01-01,255802.789,0.0,39617133.94,340997.2,2919645.87,0.0,187555.624,68247.165,0.0,0.0,0.0,0.0,0.0,4667037.86,5198581.66,3831539.02,25919975.4,0.0,0.0,0.0,340997.2,0.0,311120.58,558880.56,2049644.73
2012-02-01,189529.932,0.0,39313480.54,355444.0,2913711.58,0.0,138710.05,50819.882,0.0,0.0,0.0,0.0,0.0,4797099.22,4520843.84,5281725.57,24713811.91,0.0,0.0,0.0,355444.0,0.0,471022.92,482859.49,1959829.17
2012-03-01,177013.005,0.0,42622441.026,392096.05,2977454.65,0.0,120216.616,56796.389,0.0,0.0,0.0,0.0,0.0,5603056.4,5164808.86,5055797.06,26798778.706,0.0,0.0,2.69,392093.36,348.74,417257.64,772402.21,1787446.06
2012-04-01,186787.406,0.0,36922406.549,362947.86,5193434.91,0.0,128507.082,58280.324,0.0,0.0,0.0,0.0,0.0,5631410.73,4686170.39,2215789.62,24389035.809,0.0,0.0,1123.1,361824.76,0.0,445109.55,935079.19,3813246.17
2012-05-01,214478.611,0.0,36383602.417,369283.48,5237107.76,0.0,157126.943,57351.668,0.0,0.0,0.0,0.0,0.0,4603221.54,4510526.63,1916068.13,25353786.117,0.0,0.0,0.0,369283.48,280.22,768081.37,909676.99,3559069.18
2012-06-01,199149.943,0.0,35444060.261,274532.6261,3159006.4,0.0,144375.332,54774.611,0.0,0.0,0.0,0.0,0.0,3035183.85,4308646.37,4736078.81,23364151.231,0.0,0.0,549.83,273982.7961,0.0,544908.32,561110.34,2052987.74
2012-07-01,277711.304,0.0,37008439.293,315069.13,2822028.86,0.0,198579.305,79131.999,0.0,0.0,0.0,0.0,0.0,3179716.27,3676107.39,5789861.22,24362754.413,0.0,0.0,776.82,314292.31,0.0,364924.08,636402.74,1820702.04
2012-08-01,341665.911,0.0,37565966.6292,548012.2904,4097965.157,0.0,243491.93,98173.981,0.0,0.0,0.0,0.0,0.0,2841389.87,4056926.43,6613053.7932,24054596.536,0.0,0.0,845.52,547166.7704,0.0,472890.053,875428.269,2749646.835
2012-09-01,354367.364,0.0,34476720.703,529383.678,6355744.997,0.0,247604.668,106762.696,0.0,0.0,0.0,0.0,0.0,2311333.33,3967963.02,5569453.65,22627970.703,0.0,0.0,899.598,528484.08,0.0,935786.426,1073887.91,4346070.661
2012-10-01,343743.908,0.0,35276231.335,592430.3711,7992156.666,0.0,236613.065,107130.843,0.0,0.0,0.0,0.0,0.0,1873070.41,3795572.89,5617394.03,23990194.005,0.0,0.0,1156.5311,591273.84,56087.67,1481705.287,1178257.568,5276106.141
2012-11-01,298164.21,0.0,31796588.073,494679.371,9179644.8592,0.0,210671.571,87492.639,0.0,0.0,0.0,0.0,0.0,1822999.26,3290592.83,3802831.13,22880164.853,0.0,0.0,1069.061,493610.31,219608.4,2219520.523,1159965.339,5580550.5972
2012-12-01,335399.979,0.0,34868136.93,460602.015,8818115.227,0.0,257974.536,77425.443,0.0,0.0,0.0,0.0,0.0,3074178.56,4584882.3,3366843.58,23842232.49,0.0,0.0,1191.095,459410.92,235399.96,2375255.944,1088660.366,5118798.957
2013-01-01,296020.566,0.0,34423157.902,379783.133,8203800.07,0.0,209770.722,86249.844,0.0,0.0,0.0,0.0,0.0,3709477.68,3831408.76,5111130.03,21771141.432,0.0,0.0,857.633,378925.5,326391.16,2531554.422,1338836.496,4007017.992
2013-02-01,298421.331,0.0,32990202.699,333868.56,7387450.213,0.0,231875.317,66546.014,0.0,0.0,0.0,0.0,0.0,4851605.0,2664427.9,4659206.23,20814963.569,0.0,0.0,1038.87,332829.69,392027.65,2241817.695,1224241.792,3529363.076
2013-03-01,302282.819,0.0,36433268.21,419181.059,7568336.28,0.0,217410.097,84872.722,0.0,0.0,0.0,0.0,0.0,5877240.22,2876285.16,5767464.87,21912277.96,0.0,0.0,1093.33,418087.729,439544.6,2138723.805,1294097.611,3695970.264
2013-04-01,230064.947,0.0,34544468.793,497132.93,6883008.421,0.0,138087.856,91977.091,0.0,0.0,0.0,0.0,0.0,5767135.21,2832986.48,5568927.16,20375419.943,0.0,0.0,1049.35,496083.58,717507.87,1573766.6,1007371.339,3584362.612
2013-05-01,242658.105,0.0,33386801.786,642374.292,7514705.9691,0.0,171055.139,71602.966,0.0,0.0,0.0,0.0,0.0,5874006.75,2594970.65,4454953.01,20462871.376,0.0,0.0,1152.135,641222.157,646263.054,2151874.727,1330900.658,3385667.5301
2013-06-01,249770.293,0.0,31645194.204,615295.18,7686754.664,0.0,174365.251,75405.042,0.0,0.0,0.0,0.0,0.0,3120462.3,2496651.39,5454829.28,20573251.234,0.0,0.0,956.14,614339.04,816019.703,2231595.387,1042984.926,3596154.648
2013-07-01,297106.814,0.0,34460228.321,727702.42,6683302.015,0.0,217186.985,79919.829,0.0,0.0,0.0,0.0,0.0,2807224.05,2990645.14,7107988.74,21554370.391,4358.65,0.0,975.72,722368.05,1096333.335,1405420.237,930351.358,3251197.085
2013-08-01,409897.56,0.0,35053972.9202,875622.6566,6994039.089,0.0,308852.313,101045.247,0.0,0.0,0.0,0.0,0.0,2666096.51,2712916.2122,8524436.51,21150523.688,38150.31,0.0,987.2866,836485.06,1307239.873,1331136.62,955007.83,3400654.766
2013-09-01,444695.786,0.0,34367197.554,859288.2913,6909306.258,0.0,344395.441,100300.345,0.0,0.0,0.0,0.0,0.0,2885846.37,2692493.09,8331076.96,20457781.134,30389.15,0.0,913.1413,827986.0,1203183.599,1834250.655,793798.534,3078073.47
2013-10-01,492303.239,0.0,36178608.878,895419.3177,7225582.0775,0.0,372457.456,119845.783,0.0,0.0,0.0,0.0,0.0,2618071.61,2883880.31,8885980.33,21790676.628,22769.99,0.0,838.8077,871810.52,1348174.9505,1905225.8988,718496.246,3253684.9822
2013-11-01,497975.086,0.0,34623320.782,801250.553,7651916.382,0.0,355195.896,142779.19,0.0,0.0,0.0,0.0,0.0,2042457.49,2635978.54,7798002.21,22146882.542,28055.78,0.0,922.883,772271.89,1389090.899,2121689.472,751366.7609999999,3389769.25
2013-12-01,406029.881,0.0,35635042.436,701847.588,7089972.3164,0.0,309566.712,96463.169,0.0,0.0,0.0,0.0,0.0,2652260.45,2671116.55,6713782.2,23597883.236,29503.46,0.0,516.968,671827.16,1431396.668,1859777.556,732656.688,3066141.4044
2014-01-01,468114.030162,0.0,39454073.588,577671.7062,8220987.2957,0.0,363091.82,105022.210162,0.0,0.0,0.0,0.0,0.0,5406100.09,2753886.14,7511613.3,23782474.058,79438.49,0.0,681.0462,497552.17,1465203.17,2608464.8697,969014.354,3178304.9020000002
2014-02-01,427428.48768,0.0,33862316.417,536292.5687,8857653.1446,0.0,299981.95,127446.53768,0.0,0.0,0.0,0.0,0.0,5041116.94,2240926.03,5749680.23,20830593.217,95895.18,0.0,1340.4287,439056.96,1328748.268,2363389.6704,1089791.3879,4075723.8183
2014-03-01,446970.72675335,0.0,35632503.753,715861.4686,10319703.7761,0.0,304961.68576035,142009.040993,0.0,0.0,0.0,0.0,0.0,5664172.86,2606209.36,6564038.73,20798082.803,99678.27,0.0,1922.0206,614261.178,1553729.074,2646143.853,1380876.0302,4738954.8189
2014-04-01,412877.71033259,0.0,33438339.186,837281.0468,9156497.892,0.0,269809.71513159,143067.995201,0.0,0.0,0.0,0.0,0.0,5649134.79,2504234.1,6121213.89,19163756.406,133946.34,0.0,1874.9868,701459.72,1463303.168,2494216.493,1260119.062,3938859.169
2014-05-01,424044.98616135,0.0,32013792.7993506,962913.10874225,11226520.86498889,0.0,300464.74429635,123580.241865,0.0,0.0,0.0,0.0,0.0,5780060.0785,2505780.7623,6420211.65362221,17307740.30492839,142087.9173,9811.7422,2101.286,808912.16324225,1342045.8294,2685499.2453,1236728.4044,5962247.38588889
2014-06-01,726800.02282389,0.0,29962239.03872282,1081953.34596536,10123210.62212222,0.0,537201.88258089,189598.140243,0.0,0.0,0.0,0.0,0.0,3196231.341,2365344.6981,8282452.85594445,16118210.14367837,135263.11549999999,6999.1876,1133.622,938557.42086536,1429355.9866,2439523.0627,862458.4323,5391873.14052222
2014-07-01,994823.7365631,0.0,31064699.005,1051515.3291,10395986.3311,0.0,792152.7661499,202670.9704132,0.0,0.0,0.0,0.0,0.0,2573530.184,2460584.5,8907085.908,17123498.413,165896.644,14622.159,1254.2971,869742.2289999999,1567034.685,2671456.39,835531.3981,5321963.858
2014-08-01,1176284.87593341,0.0,30195866.106,1256161.709,11143677.3052,0.0,981618.7396262,194666.13630721,0.0,0.0,0.0,0.0,0.0,3225262.666,2439087.813,7191355.747,17340159.88,146951.559,17740.047,1791.904,1089678.199,1543226.605,3207148.213,1168954.2372,5224348.25
2014-09-01,1138450.46269699,0.0,30935978.836,1105292.685,10722256.5803,0.0,914695.63439268,223754.82830431,0.0,0.0,0.0,0.0,0.0,3298270.553,2375927.124,7971462.061,17290319.098,149025.143,14870.029,1481.28,939916.233,1351955.848,2981559.0809,845699.7464,5543041.905
2014-10-01,1352617.2972663,0.0,32308290.948,1121734.0404,11569125.543,0.0,1154343.39881774,198273.89844856,0.0,0.0,0.0,0.0,0.0,2143728.586,2495364.827,8516170.988,19153026.547,154005.544,10844.396,1915.2524,954968.848,1427079.093,3183439.077,1172349.69,5786257.683
2014-11-01,1119589.00520081,0.0,31037301.658,987383.088,11502968.6284,0.0,951923.39841958,167665.60678123,0.0,0.0,0.0,0.0,0.0,2133608.609,2430133.638,8254432.923,18219126.487999998,157700.524,4546.275,1870.556,823265.733,1559011.0554,3167335.663,1110566.272,5666055.638
2014-12-01,1193743.16669422,0.0,31622416.983,1046161.3158,11984197.517,0.0,1029697.66129969,164045.50539453,0.0,0.0,0.0,0.0,0.0,2697183.741,2624360.509,6361372.491,19939500.242,188099.608,18281.841,1347.3708,838432.496,1563868.547,3266726.9576,996369.5587,6157232.4537
2015-01-01,1331756.24222316,0.0,36176220.832,785399.574,11700003.4397,0.0,1183058.79691209,148697.44531107,0.0,0.0,0.0,0.0,0.0,3842462.856,2469202.025,9439496.366,20425059.585,146353.086,18394.106,1229.958,619422.424,1582332.285,3130060.317,1104248.3577,5883362.48
2015-02-01,1071152.30997701,0.0,31818343.41253533,699016.7259,10654782.3734,0.0,888944.44421747,182207.86575954,0.0,0.0,0.0,0.0,0.0,4041654.497,2218326.07419263,8116763.5411527,17441599.30019,110172.209,13694.057,1152.6829,573997.777,1437575.034,2771885.6273,1121204.4353,5324117.2768
2015-03-01,1002632.47815272,0.0,34640203.45741466,678805.24793256,12012333.3432,0.0,768586.5966581,234045.88149462,0.0,0.0,0.0,0.0,0.0,5202772.49,2515863.78693403,7155925.1236735,19765642.05680713,111256.421,12012.165,1231.8528000000001,554304.80913256,1522383.8638,3089921.727,1516374.7564,5883652.996
2015-04-01,855434.97953987,0.0,30471585.49501162,966068.29597496,10439770.464,0.0,642823.93892108,212611.04061879,0.0,0.0,0.0,0.0,0.0,5694358.566,2232501.69455122,5186268.78896074,17358456.44549966,149008.731,10538.87,1074.2259999999999,805446.46897496,1174694.301,2375450.923,1300730.778,5588894.462
2015-05-01,1406118.04436885,0.0,30656858.134,1232056.4547,9824064.543,0.0,1147317.60216048,258800.44220837,0.0,0.0,0.0,0.0,0.0,6120803.382,2517215.997,4122487.233,17896351.522,166138.047,10301.928,1303.7067,1054312.773,922763.041,2075345.039,1284899.136,5541057.327
2015-06-01,1479133.13652986,0.0,28017956.964,1239373.3473,10128577.1936,0.0,1193884.10652986,285249.03,0.0,0.0,0.0,0.0,0.0,4093155.172,1996824.838,5424153.187,16503823.766999999,143455.0413,10820.461,932.031,1084165.814,1389726.7238,2478438.091,1051155.852,5209256.5268
2015-07-01,1753742.1106266,22.565,30045922.046,1277457.7898,9429799.844,0.0,1475625.42908522,278116.68154138,0.0,0.0,22.565,0.0,0.0,2695593.048,2045454.257,8142212.538,17162662.203,144727.442,15582.478,1320.0948,1115827.775,1311690.998,2116805.66,839073.66,5162229.526
2015-08-01,2338266.1897998,1103.625,30091666.687,1447976.9911,9483299.8347,0.0,1915244.0717998,423022.118,0.0,0.0,1103.625,0.0,0.0,2739185.842,2104125.572,8409427.629,16838927.644,141202.933,11514.907,16566.5971,1278692.554,1448399.091,2227677.8866,758636.452,5048586.4051
2015-09-01,1997899.5816633,1464.648,30336602.423,1352498.945,9859148.01,0.0,1674031.4642153,323868.117448,0.0,0.0,1464.648,0.0,0.0,3469373.912,2034556.81,7808817.102,17023854.599,138971.337,12545.895,22583.152,1178398.561,1318934.219,2433556.092,893174.4619999999,5213483.237
2015-10-01,2271079.76613166,1733.461,33263427.527,1415380.8417,9302680.283,0.0,1818141.00013166,452938.766,0.0,0.0,1733.461,0.0,0.0,2211115.228,2062046.178,8917441.076,20072825.045,129405.714,7212.3640000000005,24660.1877,1254102.576,1453068.45,2492271.38,700129.501,4657210.952
2015-11-01,1922110.53294138,1633.587,31887600.599,1271651.9927,9684144.519,0.0,1475296.38919058,446814.1437508,0.0,0.0,1633.587,0.0,0.0,1582230.732,1935397.556,8625754.769,19744217.542,148857.893,12558.236,21949.1377,1088286.726,1452640.976,2494627.507,537911.095,5198964.941
2015-12-01,2051324.49396296,1485.018,33559347.063,1090987.856,9675535.926,0.0,1675229.51336296,376094.9806,0.0,0.0,1485.018,0.0,0.0,1483533.861,1956613.016,9591746.433,20527453.753,156738.551,16163.814,21797.826,896287.665,1542950.541,2461784.883,466696.878,5204103.624
2016-01-01,1271499.30082797,1268.768,35425595.2958,786918.7526,9053053.007,0.0,873252.61882797,398246.682,0.0,0.0,1268.768,0.0,0.0,2161121.191,2157459.704,8361184.281,22745830.1198,144299.218,14916.233,18164.1066,609539.195,1346784.879,2379158.37,558689.3150000001,4768420.443
2016-02-01,1761776.303,1526.057,36206865.2039,801358.3032,7496714.5294,0.0,1469778.369,291997.934,0.0,0.0,1526.057,0.0,0.0,4226523.967,1910980.347,8212446.174,21856914.7159,130525.633,8342.708,15668.3212,646821.641,1118125.486,1877227.5014,456825.391,4044536.151
2016-03-01,1915972.056,1669.378,38663992.1962,986569.5044,6816482.76,0.0,1545618.0050000001,370354.051,0.0,0.0,1669.378,0.0,0.0,4652892.003,1954582.47,8617624.673,23438893.0502,126243.439,5895.92,26632.0084,827798.137,975549.941,1967253.909,670205.549,3203473.361
2016-04-01,2141772.71,916.964,35913948.9768,1245068.2285,6757419.3745,0.0,1736254.046,405518.664,0.0,0.0,916.964,0.0,0.0,5159648.699,1738799.752,7637060.879,21378439.6468,128859.364,4164.523,53900.3515,1058143.99,1130221.429,2113334.32,566030.002,2947833.6235
2016-05-01,2245325.242,1154.372,34366565.956,1470325.851,6084189.2224,0.0,1885778.417,359546.825,0.0,0.0,1154.372,0.0,0.0,3657318.738,1840095.751,7256821.265,21612330.202,141645.476,0.0,105342.666,1223337.709,991964.064,1488738.6614,571070.152,3032416.345
2016-06-01,2530658.162,1101.478,32285005.181,1439822.631,6276413.356,0.0,2195869.146,334789.016,0.0,0.0,1101.478,0.0,0.0,2465333.99,1741487.07,6876780.498,21201403.623,70183.362,4501.906,110458.159,1254679.204,1276702.912,1626952.455,672707.329,2700050.66
2016-07-01,3098007.056,1251.472,32915589.753,1669791.301,5778833.388,0.0,2678708.964,419298.092,0.0,0.0,1251.472,0.0,0.0,2160249.438,1803089.736,7564398.05,21387852.529,120381.06,36105.259,173552.414,1339752.568,1480334.506,1395389.354,604913.587,2298195.941
2016-08-01,3164303.126,1468.047,32579978.778,1690830.634,7032333.127,0.0,2807781.1,356522.026,0.0,0.0,1468.047,0.0,0.0,1899085.237,1809459.872,7795387.669,21076046.0,114397.199,76111.693,187834.508,1312487.234,1512251.806,1445798.6739999999,589009.771,3485272.876
2016-09-01,3326525.14,1570.78,30946698.6,1755229.355,7321159.888,0.0,2878465.337,448059.803,0.0,0.0,1570.78,0.0,0.0,1684333.139,1766731.9510000001,7623011.89,19872621.62,145312.598,104411.676,198069.919,1307435.162,1174377.242,1676870.56,587536.932,3882375.154
2016-10-01,3397267.221,1643.87,32206834.908999998,1629586.8381,7884709.3902,0.0,2821575.946,575691.275,0.0,0.0,1643.87,0.0,0.0,1959272.009,1842070.129,7400398.065,21005094.706,152214.616,135673.19,198926.8561,1142772.176,1317300.6862,1977990.447,513293.539,4076124.718
2016-11-01,3070170.9,1552.932,32083386.498,1549261.5646,7446047.7919,0.0,2686434.202,383736.698,0.0,0.0,1552.932,0.0,0.0,2441914.539,1776826.724,7022553.863,20842091.372,158309.36,132671.851,183979.1166,1074301.237,1418850.195,1698053.9919,655133.773,3674009.832
2016-12-01,2808149.894,1393.111,36408289.652,1296295.2117,5895452.054,0.0,2428964.705,379185.189,0.0,0.0,1393.111,0.0,0.0,3405055.627,1752241.39,6941045.22,24309947.415,159481.058,134799.035,201746.8547,800268.264,1157171.624,1526521.707,544426.128,2667332.595
2017-01-01,2653640.259,1570.159,39694679.094,1193688.5021,6010062.6450000005,0.0,2271800.61,381839.649,0.0,0.0,1570.159,0.0,0.0,3969619.401,1710963.662,8237242.743,25776853.288,154530.874,141016.184,206704.2811,691437.1630000001,780298.082,1864721.329,343336.509,3021706.725
2017-02-01,2046555.2,1355.844,37667837.045,1001868.095,5183760.4286,0.0,1782911.695,263643.505,0.0,0.0,1355.844,0.0,0.0,5561412.775,1534402.776,6655888.624,23916132.87,132625.368,110741.517,145478.096,613023.1140000001,496782.3,1641615.8156,382431.369,2662930.944
2017-03-01,1945945.576,1186.287,39999189.909,1195309.777,6882451.241,0.0,1486833.398,459112.178,0.0,0.0,1186.287,0.0,0.0,7112773.832,1671573.036,5476150.915,25738692.126,139554.043,133625.654,92290.138,829839.942,263585.937,2141004.578,641843.496,3836017.23
2017-04-01,2442842.046,1168.764,33339003.078,1544478.976,7233730.38,0.0,1943608.322,499233.724,0.0,0.0,1168.764,0.0,0.0,6186395.763,1534662.953,3782088.028,21835856.334,139968.623,149204.936,182364.825,1072940.592,302635.458,1819665.62,615887.828,4495541.474
2017-05-01,2617865.321,5798.205,33303840.672,1718856.762,7368108.2029,281.007,2142900.579,474683.735,0.0,0.0,5798.205,0.0,0.0,6157726.675,1475249.905,4086158.993,21584705.099,154850.457,149002.229,211213.243,1203790.833,459009.21,1860801.443,646836.363,4401461.1869
2017-06-01,3206029.595,25368.947,32076425.542,1776311.044,5814646.483,4410.265,2761416.456,440202.874,0.0,0.0,25368.947,0.0,0.0,4316719.665,1159213.446,7389253.801,19211238.63,144266.927,99034.944,254555.481,1278453.692,1052843.389,1552272.6,491670.879,2717859.615
2017-07-01,3931844.794,38936.346,29081194.436,1978088.008,7899251.592,13911.357,3405313.145,512620.292,0.0,0.0,38936.346,0.0,0.0,2721827.935,1194943.55,6425365.233,18739057.718,160674.583,152640.709,318610.852,1346161.864,1714135.656,1365068.376,428186.462,4391861.098
2017-08-01,4171559.246,51745.913,28066921.54,1860063.278,10119692.2849,96593.736,3527603.904,547361.606,0.0,0.0,51745.913,0.0,0.0,2172761.669,1202941.93,5801126.927,18890091.014,91671.81,141238.798,271724.709,1355427.961,1748030.859,2605265.4699,603750.487,5162645.469
2017-09-01,4822111.597,66592.094,27872051.865,1996255.455,9419769.0378,132127.122,4141581.399,548403.076,0.0,0.0,60633.424,0.0,5958.67,2995763.428,1114473.807,4711368.416,19050446.214,115610.175,149893.261,294189.329,1436562.69,1626667.255,2295307.361,568803.371,4928991.0508
2017-10-01,4665886.128,136056.032,29237131.408,1897323.899,10558115.541,140006.525,3908449.076,617430.527,0.0,0.0,105126.846,0.0,30929.186,2046766.988,1127732.71,5847600.698,20215031.012,167485.655,150665.465,273461.332,1305711.447,1974035.2989999999,2405322.398,959399.71,5219358.134
2017-11-01,3764858.497,121813.147,29620327.666,1730922.696,9594096.871,135721.4,3124214.839,504922.258,0.0,0.0,93565.429,0.0,28247.718,1853140.842,1122363.118,6539827.861,20104995.845,151576.571,130729.221,291055.11,1157561.794,1883904.728,2063564.793,736060.93,4910566.42
2017-12-01,3531331.518,142918.824,34236589.252,1459780.21,8174291.5168,122076.16,2829585.237,579670.121,0.0,0.0,103286.304,0.0,39632.52,3340169.273,1273185.745,5209201.833,24414032.401,153348.58,151646.672,249972.075,904812.883,1714153.641,1852331.3258,494650.174,4113156.376
2018-01-01,3268030.483,164410.117,38334532.868,1214309.073,6518316.1644,88944.921,2672659.809,506425.753,0.0,0.0,108608.721,0.0,55801.396,5234979.69,1194618.894,6392758.218,25512176.066,155110.35,167753.887,213738.031,677706.805,1265450.1134,1818261.108,428273.734,3006331.209
2018-02-01,2041527.248,147145.743,36125593.893,1107829.463,5177728.731,38159.466,1631636.165,371731.617,0.0,0.0,104233.2,0.0,42912.543,5966643.611,1228617.098,5994522.561,22935810.623,141997.543,125237.031,191099.548,649495.341,499481.188,1799560.567,384008.588,2494678.388
2018-03-01,2168220.076,184505.052,41094961.771,1235843.887,5948918.443,66784.347,1748857.013,352578.716,0.0,0.0,123636.073,0.0,60868.979,7026790.394,1462510.742,5800770.615,26804890.02,154367.373,161747.764,129356.188,790372.562,452724.322,2038458.563,558512.679,2899222.879
2018-04-01,2590857.609,183242.541,36488995.359,1576881.561,5171941.492,29980.155,2235746.592,325130.862,0.0,0.0,119143.777,0.0,64098.764,7576198.103,1272873.059,5038221.808,22601702.389,136791.438,124340.249,252678.247,1063071.627,517697.286,1521099.874,309081.926,2824062.406
2018-05-01,3572644.94,214111.315,33466222.413,1688930.212,5661594.128,40074.614,3081590.806,450979.52,0.0,0.0,137453.595,0.0,76657.72,7460872.155,1342731.483,3996190.611,20666428.164,122750.741,95723.082,264235.078,1206221.311,494045.622,1157424.284,505404.762,3504719.46
2018-06-01,4159298.779,214523.925,29179700.2,1889856.954,7383918.215,77206.927,3649925.178,432166.674,0.0,0.0,138074.916,0.0,76449.009,4979266.147,1302071.32,3609137.142,19289225.591,150361.237,95593.225,322648.009,1321254.483,1394300.331,1377413.943,601335.927,4010868.014
2018-07-01,4840415.665,245409.27,28758310.318,2009261.118,8412043.519,93512.611,4202177.896,544725.158,0.0,0.0,155356.524,0.0,90052.746,3065138.82,1315418.237,5058434.611,19319318.65,147512.862,102307.894,322577.299,1436863.063,1720232.151,1690322.688,805142.359,4196346.321
2018-08-01,4966604.427,240317.069,28956734.865,1910511.864,8788406.771,120247.731,4315515.984,530840.712,0.0,0.0,155886.684,0.0,84430.385,3041075.855,1303050.991,4723333.383,19889274.636,158989.374,145399.435,287528.35,1318594.705,2252725.218,1840265.603,867166.903,3828249.047
2018-09-01,5253123.885,270750.601,27641604.233,1838474.462,8984082.499,141079.492,4540009.191,572035.202,0.0,0.0,174028.993,0.0,96721.608,2692108.703,1250579.603,6484099.633,17214816.294,146105.034,158545.635,265633.745,1268190.048,2069210.959,1703125.435,642798.709,4568947.396
2018-10-01,4519505.592,260852.931,33567229.041,1677940.227,7178208.37,123500.672,3876768.216,519236.704,0.0,0.0,173441.918,0.0,87411.013,2876912.739,1437547.588,7549592.582,21703176.132,73117.876,147962.657,261383.124,1195476.57,1753250.651,1239717.247,595730.034,3589510.438
2018-11-01,4881572.415,245309.114,35501562.148,1570566.66,3732470.214,135913.306,4164066.042,581593.067,0.0,0.0,168972.911,0.0,76336.203,2896875.535,1410307.141,7850323.722,23344055.75,152300.359,149351.628,273573.616,995341.057,914246.548,631208.626,289357.962,1897657.078
2018-12-01,3564527.003,299494.345,39289902.591,1364710.634,4018434.592,78049.369,3008700.975,477776.659,0.0,0.0,200712.732,0.0,98781.613,7139346.395,1636438.349,6175432.332,24338685.515,129861.722,144091.973,226586.782,864170.157,547816.911,796805.166,304282.948,2369529.567
2019-01-01,4145511.273,358376.127,42639561.996,1084315.025,4671973.562,98736.966,3574339.653,472434.654,0.0,0.0,229577.336,0.0,128798.791,7425753.913,1774392.496,7615057.293,25824358.294,133881.725,152677.709,181470.4,616285.191,829014.389,561061.985,363661.748,2918235.44
2019-02-01,2175544.734,291953.927,36806011.823,917195.987,6582589.911,60878.504,1845298.23,269368.0,0.0,0.0,191378.588,0.0,100575.33899999999,8245910.843,1469507.43,5208360.192,21882233.358,92924.856,90030.213,201156.36,533084.558,508650.68200000003,1613712.848,455732.34,4004494.041
2019-03-01,2532265.47323,327382.937,39727280.954,1400210.557,5585152.425,57295.95,2034652.41523,440317.108,0.0,0.0,216605.173,0.0,110777.764,8706250.726,1611350.411,6073355.01,23336324.807,129157.823,149622.056,226065.048,895365.63,582366.107,1660077.205,336528.405,3006180.708
2019-04-01,2572866.7229999998,312906.25,37990775.553,1603433.194,4637467.514,45859.337,2166785.442,360221.944,0.0,0.0,207971.127,0.0,104935.123,8269040.526,1772500.328,5299983.06,22649251.639,108632.531,136292.898,281323.761,1077184.004,540128.267,1474235.869,351562.216,2271541.162
2019-05-01,3812161.783,323412.811,36749366.996,1825995.23,4010452.563,88649.44,3304112.589,419399.754,0.0,0.0,217865.06,0.0,105547.751,8276299.794,1873802.597,5728525.539,20870739.066,110902.724,148515.308,321159.036,1245418.162,561193.544,1021748.758,451962.648,1975547.613
2019-06-01,5076147.689,320548.446,31875674.768,1802282.27,4387666.656,98868.611,4519404.59,457874.488,0.0,0.0,213738.348,0.0,106810.098,5588848.58,1736146.727,6187279.972,18363399.489,66432.409,141664.462,294390.193,1299795.206,896046.653,458333.092,542208.805,2491078.106
2019-07-01,5047622.055,349024.85,30074841.388,1680037.133,7095087.301,123208.463,4394619.526,529794.066,0.0,0.0,231557.5,0.0,117467.35,3380523.341,1776373.943,6830839.181,18087104.923,108435.805,114777.148,160821.739,1296002.441,1566896.344,1388835.832,759881.166,3379473.959
2019-08-01,6287175.894,395355.494,27992113.019,1893814.457,8297358.746,181210.567,5563026.239,542939.088,0.0,0.0,255042.411,0.0,140313.083,2574011.005,1769680.054,5400210.535,18248211.425,92254.244,151449.369,327432.505,1322678.339,1693035.05,1342756.319,861006.083,4400561.294
2019-09-01,5808611.756,422937.666,29245572.601999998,1819791.097,8115056.987,182448.587,5133366.245,492796.924,0.0,0.0,270864.907,0.0,152072.759,2953739.663,1734429.683,4148948.564,20408454.692,98089.968,158203.229,312110.859,1251387.041,1783865.283,1441729.356,729296.326,4160166.022
2019-10-01,5904325.176,435631.522,31710778.862,1813604.426,8810625.107,234745.099,5107579.303,562000.774,0.0,0.0,274777.225,0.0,160854.297,3277557.977,2009206.486,4390990.427,22033023.972,116934.292,162614.325,317578.14,1216477.669,1873693.707,1598517.499,681690.253,4656723.648
2019-11-01,5047455.509,410213.994,31038582.207,1664090.685,8747454.563,241442.306,4236244.087,569769.116,0.0,0.0,272890.318,0.0,137323.676,2731736.757,2168779.849,6541178.936,19596886.665,100745.426,148143.518,270845.915,1144355.826,1941703.044,1598963.2820000001,853757.461,4353030.776
2019-12-01,4980091.897,436811.143,33890903.941,1348507.445,7774626.914,237246.9,4231666.087,511178.91,0.0,0.0,278736.101,0.0,158075.042,3830204.119,1849407.822,4209986.802,24001305.198,97002.973,170495.45799999998,231778.998,849230.016,1903619.7,1580194.236,690641.825,3600171.153
2020-01-01,2685623.673,379341.352,38002834.142,1260000.97,8643298.5625,94230.873,2206478.177,384914.623,0.0,0.0,236289.585,0.0,143051.767,6092126.169,2155730.976,3365517.7060000002,26389459.291,113952.813,166832.382,232161.536,747054.239,2015298.304,1561172.178,1119861.719,3946966.3615
2020-02-01,2710305.127,357365.284,38257641.984,1211743.807,5345425.05,68936.483,2148461.672,492906.972,0.0,0.0,231774.598,0.0,125590.686,8779332.644,2006823.036,2339420.821,25132065.483,117202.22,143257.265,211392.832,739891.49,1372801.307,1038546.554,545776.089,2388301.1
2020-03-01,2215236.919,419482.937,40523657.359,1402047.601,4626558.211,38998.261,1695040.771,481197.887,0.0,0.0,272997.898,0.0,146485.039,11326219.487,2203894.244,1566603.944,25426939.684,121181.421,143962.933,220843.33,916059.917,573793.796,836445.133,835516.465,2380802.817
2020-04-01,3039063.066,438444.342,32258891.12,1691357.432,3755208.065,48044.434,2382753.631,608265.001,0.0,0.0,301047.69,0.0,137396.652,7837597.218,2743063.537,842292.278,20835938.087,125661.88,123766.066,280864.246,1161065.24,616857.302,635374.63,280138.93,2222837.203
2020-05-01,3764506.827,442067.473,31473563.434,1955948.353,4006557.247,63165.973,3137015.749,564325.105,0.0,0.0,309025.931,0.0,133041.542,7914746.658,2575727.958,513501.725,20469587.093,145359.522,138771.531,309445.306,1362371.994,659354.205,580553.721,507295.538,2259353.783
2020-06-01,4842815.9799999995,442659.854,30118870.359,1948965.268,4087929.373,86904.908,4229511.037,526400.035,0.0,0.0,318500.172,0.0,124159.682,6838295.869,2654393.386,1689123.872,18937057.232,145081.142,146878.086,288617.709,1368388.331,975095.464,263847.577,612099.37,2236886.962
2020-07-01,5710243.925,476360.4,32694052.882,2053521.465,3250207.008,118925.681,5045292.071,546026.173,0.0,0.0,329632.722,0.0,146727.678,3628384.083,3369574.612,5758619.538,19937474.649,131994.292,151150.546,296598.648,1473777.979,904118.094,335678.577,553372.107,1457038.23
2020-08-01,6607650.651,505790.458,32195047.103,2044535.83,3768863.029,149545.327,5969421.228,488684.096,0.0,0.0,348885.629,0.0,156904.829,3097228.144,2990453.008,6463581.164,19643784.787,155339.368,152409.87399999998,295295.926,1441490.662,1005134.638,487728.017,513576.62,1762423.754
2020-09-01,6420482.003,542795.274,34076338.097,2019057.94,3953341.247,229626.267,5621703.91,569151.826,0.0,0.0,370541.511,0.0,172253.763,3105432.43,3584020.946,6719548.9290000005,20667335.792,146782.045,121695.414,288976.148,1461604.333,966741.112,479952.887,397768.342,2108878.906
2020-10-01,5541280.422,506317.303,33198606.395,1967320.14,8555257.487,233804.06,4682561.753,624914.609,0.0,0.0,358811.094,0.0,147506.209,3245844.425,4105209.072,4395289.2,21452263.698,88246.048,125124.695,278492.609,1475456.788,1863813.987,1361158.643,966502.389,4363782.468
2020-11-01,4959528.017,445437.181,29327855.676,1820518.183,9687192.636,212388.714,4251445.426,495693.877,0.0,0.0,281658.268,0.0,163778.913,2473409.945,4255362.949,2126550.062,20472532.72,151334.271,143371.535,242441.754,1283370.623,1918373.955,1535909.945,1213945.906,5018962.83
2020-12-01,5414912.706,457104.208,32543576.042,1310778.993,9852497.332,238587.869,4589667.864,586656.973,0.0,0.0,296595.566,0.0,160508.642,2857214.118,4871199.227,3597274.841,21217887.856,151780.989,147197.371,101003.863,910796.77,1959164.314,1599419.427,1251017.698,5042895.893
2021-01-01,5356499.291,507612.563,34376214.609,1247289.681,9856721.16,180420.313,4671260.982,504817.996,0.0,0.0,346226.374,0.0,161386.189,4487086.856,2357344.202,4982657.856,22549125.695,134174.356,134666.118,229269.09,749180.117,1979635.971,2307882.672,1035693.316,4533509.201
2021-02-01,3463660.982,405105.461,34966420.591,1142310.173,6677935.415,123539.48,2940509.331,399612.171,0.0,0.0,279158.21,0.0,125947.251,7047319.239,1936875.828,4805050.295,21177175.229,146898.313,129870.693,213677.595,651863.572,1153657.882,1261924.913,1105229.061,3157123.559
2021-03-01,4032722.018,634787.687,40894459.391,1486475.551,6684635.748,82787.858,3534787.526,411882.27,3264.364,423.425,451928.071,991.506,181444.685,12376067.632,2121162.627,4484301.243,21912927.889,163554.185,190234.651,201928.727,930757.988,745832.096,211048.568,1091302.876,4636452.208
2021-04-01,4513712.215,641438.998,35332834.34,2149235.559,6343972.926,98780.383,3899598.033,513479.333,1854.466,484.595,470898.319,737.0,169319.084,11466823.778,2480639.387,2408026.557,18977344.618,151909.886,171226.05299999999,248560.363,1577539.257,883422.969,370032.943,1006813.839,4083703.175
2021-05-01,5293499.685,700597.11,33616530.63,3197590.21,6786784.205,56196.815,4730301.375,504896.994,2104.501,471.0,542814.507,538.217,156773.386,9975872.606,2492831.255,1560686.649,19587140.12,163643.763,173131.639,304645.39,2556169.418,1542565.938,768217.787,939049.537,3536950.943
2021-06-01,5833402.723,726632.596,27810533.471,3437465.284,9376394.779,88377.474,5155568.895,587089.331,2367.023,531.5,581562.359,711.5,143827.237,4784808.068,2178469.125,3330207.369,17517048.909,113131.979,166040.617,291212.626,2867080.062,1947581.477,2243878.838,1154082.955,4030851.509
2021-07-01,7224245.392,767360.734,25666549.925,3907149.719,10490030.838,109296.692,6582376.621,529367.534,3204.545,525.0,596999.371,804.0,169032.363,3109733.486,2048739.859,6185093.757,14322982.823,117121.115,181121.359,300064.771,3308842.474,2134061.565,2838711.703,1108982.364,4408275.206
2021-08-01,8203455.939,814567.604,24427658.68,3854564.774,11886122.572,191388.746,7482655.498,524878.094,4533.601,505.902,621303.977,881.0,191876.725,2732560.389,2149384.569,5432988.096,14112725.626,112828.671,188734.416,313242.75,3239758.937,2280001.246,3359962.803,1117826.63,5128331.893
2021-09-01,7918059.31,961286.447,25410031.184,3576976.658,11453532.873,237999.902,7074068.189,604989.724,1001.495,436.449,739806.204,797.973,220245.821,2565668.483,2994924.584,5305808.638,14543629.479,114971.136,192638.19,277237.687,2992129.645,2146150.07,3324603.778,1055022.039,4927756.986
2021-10-01,7291714.073,941361.72709144,25948882.365,2507016.128,12626190.498,170868.791,6529247.078,585437.277,6160.927,310.008,727757.35572296,779.5,212514.86336848,3160989.109,2396040.608,5849912.115,14541940.533,118669.815,202337.895,269226.996,1916781.422,2278645.141,3286802.584,1094587.016,5966155.757
2021-11-01,5920985.176,873503.829,29691320.422,2378849.661,11185884.055,186564.846,5126154.85,604099.953,4165.527,266.5,653575.373,1864.522,217797.434,5528851.77,2483435.188,3969861.766,17709171.698,114230.707,237586.457,266250.53,1760781.967,2105150.129,2761387.156,769201.316,5550145.454
2021-12-01,6041040.8225,851341.631,34653466.945,1517599.102,9113715.652,218696.267,5249955.0365,567001.611,5387.908,351.0,621371.923,982.5,228636.208,8834195.813,2353623.165,3331391.039,20134256.928,104517.742,233090.081,213093.717,966897.562,1220985.432,1677330.277,1193503.521,5021896.422
2022-01-01,4642784.924,914669.77,39192611.08,1307937.486,7479447.91,108199.431,3995453.129,533061.708,6070.656,373.5,688157.151,1055.788,225083.331,11426516.789,3549542.627,3290990.418,20925561.246,88912.336,212133.314,184465.87,822425.966,598504.93,1022815.616,1015678.542,4842448.822
2022-02-01,4525591.254,887525.678,38157459.724,1069005.412,5029576.523,137955.036,3940745.596,441683.565,5207.057,481.0,675615.485,1015.992,210413.201,10320826.803,4169739.835,2840370.781,20826522.305,142084.194,171678.172,73466.586,681776.46,534777.484,168229.48,665736.888,3660832.671
2022-03-01,5325963.202,1033617.97,43129554.834,1232136.92,4639984.569,63855.722,4763826.815,492470.522,5810.143,528.995,772934.495,846.42,259308.06,11072696.869,4254198.745,2594627.081,25208032.139,142955.34,190902.399,118140.05,780139.131,591878.331,246640.547,671363.885,3130101.806
2022-04-01,4965047.096,1005253.06,39309946.334,1731169.628,2933232.503,70647.958,4472758.08,418475.5,3165.558,500.5,750033.571,722.5,253996.489,11017103.418,3456066.651,4477223.3209999995,20359552.944,158097.381,183298.502,110796.891,1278976.854,572904.197,246184.57,249069.606,1865074.13
2022-05-01,5818921.0285,1004282.433,37250508.859,3110490.58,3124471.59,56888.905,5330490.9575,427979.674,3561.492,647.559,787222.744,785.5,215626.63,9807257.666,2783808.391,6632247.102,18027195.7,178429.236,191080.521,172109.1,2568871.723,572648.477,236984.202,492308.793,1822530.118
2022-06-01,5774772.175,977980.52,34532204.953999996,3479599.957,3219834.22,64741.776,5256394.717,451280.262,2355.42,793.492,783480.975,767.0,192939.053,5593566.326,2618596.746,9411652.415,16908389.467,200748.177,163140.344,168290.898,2947420.538,1367969.905,256087.52,682151.996,913624.799
2022-07-01,8161031.192,1142322.221,33937509.351,3731979.234,2914682.863,80974.037,7515479.779,558727.825,5849.551,908.315,893699.463,749.0,246965.443,3908301.268,3922311.591,9204636.431,16902260.061,212055.254,178184.235,130562.418,3211177.327,1034058.697,290032.679,716738.339,873853.148
2022-08-01,9153487.423,1282265.16,32596805.715,3577185.662,3625407.7,180351.424,8451209.573,515578.378,6348.048,939.967,995152.841,794.811,285377.541,2542935.836,4287646.439,7984444.3379999995,17781779.102,204993.122,177241.76,125018.889,3069931.891,1185884.479,294886.958,752803.007,1391833.256
2022-09-01,9073832.772,1374053.169,31762733.838,3434192.461,3542156.58,236782.89,8252195.004,578854.172,6000.706,914.442,1029777.1,1091.155,342270.472,2745982.302,2823706.338,8261806.592,17931238.606,198032.624,173206.73,133118.059,2929835.048,1199536.107,283404.583,706940.06,1352275.83
2022-10-01,9549743.3,1493053.645,33169743.144,3089466.746,4005757.447,248966.034,8683284.519,611298.754,6193.993,888.516,1052602.09,1023.508,438539.531,3310273.594,2708491.147,8507277.578,18643700.825,196995.594,206172.166,95255.042,2591043.944,1142234.183,258900.532,677508.738,1927113.994
2022-11-01,6117196.763,1249786.513,36296658.196,2722413.918,3174075.945,164454.909,5378951.547,566906.328,6883.979,738.082,796543.848,1135.508,451369.075,3141842.595,3632538.627,7734413.323,21787863.651,184552.855,194241.769,108091.594,2235527.7,1088012.361,245068.492,599289.812,1241705.28
2022-12-01,6462597.271,1348495.93,38617606.289,1835415.16,3702644.861,192736.542,5735068.515,527140.452,7651.762,790.999,911727.927,1180.449,434796.555,6144202.103,4298193.0,5771810.41,22403400.776,187551.799,211645.388,92631.392,1343586.581,1201103.918,273725.268,212475.518,2015340.157
2023-01-01,6387675.145,1462580.687,40838463.999,1281739.063,3642162.319,134814.474,5805437.984,440719.59,6703.097,831.0,969489.172,1220.465,491040.05,9121939.885,4078344.086,4762445.915,22875734.113,181543.95,198457.226,59852.679000000004,841885.208,1009251.318,185842.991,395807.567,2051260.443
2023-02-01,6562083.139,1477968.966,38794731.486,1134247.346,2712215.741,107748.672,6044606.471,403998.865,5729.131,826.535,943373.78,941.05,532827.601,8966967.081,3390485.133,4896429.963,21540849.309,160978.313,190048.983,47958.465,735261.585,533443.974,237070.006,354707.664,1586994.097
2023-03-01,6120941.17,1533041.125,44976523.823,1292506.209,3199903.514,72596.98300000001,5607017.089,434133.985,7193.113,739.992,893931.063,953.476,637416.594,10290196.857,2726475.605,6220371.752,25739479.609,169178.625,151993.685,47663.451,923670.448,609636.183,171935.073,671371.546,1746960.712
2023-04-01,4853266.234,1613629.725,39063389.416,1939220.545,3576895.689,48616.824,4391883.233,410061.707,2704.47,9413.957,937150.54,33661.351,633403.877,10140951.99,2569011.376,3899880.147,22453545.903,183443.80299999999,170982.613,72525.276,1512268.853,935914.196,208932.227,577996.929,1854052.337
2023-05-01,6878180.916,3758816.515,36745486.925,3136391.267,3221847.758,93366.807,6400112.167,383192.942,1509.0,179296.347,1434743.105,415792.272,1728984.791,8833055.714,2771328.68,4260734.97,20880367.561,198407.78399999999,170223.027,137098.662,2630661.794,596079.655,236825.529,505588.814,1883353.76
2023-06-01,8576419.315,3590290.103,31332275.543,3029855.289,4387331.083,86841.952,8111865.159,375379.146,2333.058,200781.318,1395028.742,399781.376,1594698.667,5699930.167,2552243.632,3878164.534,19201937.21,128491.477,149170.939,133267.494,2618925.379,1444906.577,184515.568,717807.021,2040101.917
2023-07-01,9945467.989,4133202.793,30999151.378,3290042.915,3920178.446,153456.545,9267425.084,520922.327,3664.033,233794.67,1624284.135,442414.263,1832709.725,3702667.731,2574293.469,7113592.377,17608597.801,190724.655,150832.839,152130.011,2796355.41,1080949.403,122770.857,836085.818,1880372.368
2023-08-01,9125533.636,4653854.574,33186529.986,3496021.138,3798847.233,204486.992,8423131.779,493136.288,4778.577,249880.52,1750465.966,571750.505,2081757.583,2907132.035,2714003.26,8008046.629,19557348.062,201300.257,169186.577,170614.641,2954919.663,1011435.248,119954.679,771678.809,1895778.497
2023-09-01,9179084.568,5079336.746,33855687.212,3388624.167,3247696.29,244269.715,8294953.012,632015.734,7846.107,262870.735,1759442.749,582943.042,2474080.22,2603883.003,2659787.012,8629827.115,19962190.082,181258.728,146347.335,146986.558,2914031.546,949309.901,107636.258,577027.506,1613722.625
2023-10-01,9699445.608,5393291.458,36581654.398,3304775.316,2610039.441,258922.929,8876178.888,558720.257,5623.534,272484.985,2008605.018,647006.209,2465195.246,2953299.798,2863719.883,10168706.661,20595928.056,198214.282,199329.786,129554.579,2777676.669,1033687.557,113533.615,738796.031,724022.238
2023-11-01,8073219.567,5948958.232,37136737.161,3032403.23,4020168.725,224899.066,7251134.202,591265.164,5921.135,210553.276,1987133.859,812876.191,2938394.906,2415165.578,3250554.602,9435933.44,22035083.541,190863.166,235997.332,97895.071,2507647.661,1360192.921,371103.23099999997,809007.68,1479864.893
2023-12-01,8274145.51,6066471.401,38608568.1894,2310316.037,4864718.276,209380.777,7503569.638,554411.184,6783.911,200283.873,1953669.941,1004574.676,2907942.911,2176220.7035,3046197.9172,10086319.8003,23299829.7684,182770.81,260251.3,82044.683,1785249.244,1178044.061,480860.376,506199.993,2699613.846
2024-01-01,5496652.73,5779142.464,41807075.997,1305807.727,4739548.979,171807.844,4805150.39,514776.544,4917.952,243858.841,1969855.42,928496.363,2636931.84,3686743.479,2651196.607,9296849.655,26172286.256,176402.404,232904.988,36132.263,860368.072,1538160.766,207210.297,613263.368,2380914.548
2024-02-01,6248023.964,5549854.054,41158039.608,1220493.361,3781283.461,105223.213,5702914.784,437017.473,2868.494,203134.482,1858479.339,893326.028,2594914.205,8101575.141,2569943.602,7717448.383,22769072.482,168625.411,218827.198,30521.347,802519.405,846224.493,84951.417,812869.494,2037238.057
2024-03-01,5210013.504,5942193.805,45319554.445,1425821.638,3572217.884,55851.503,4764178.095,386307.914,3675.992,262121.495,2102529.804,834203.713,2743338.793,9930505.644,3350519.446,7817700.421,24220828.934,173787.674,218084.513,35737.948,998211.503,770842.807,113860.784,560715.001,2126799.292
2024-04-01,5894657.681,5630334.417,40914898.064,1971554.488,3106396.68,41816.657,5298119.047,552451.143,2270.834,257680.499,1993077.969,644773.718,2734802.231,9425996.853,3033752.551,6392530.451,22062618.209,161360.16,170945.749,70002.134,1569246.445,714865.753,129655.93000000001,210176.35,2051698.647
2024-05-01,8751061.929,5508900.022,37427924.024,3151896.629,2939987.408,65151.15,8177924.472,505435.3,2551.007,289504.365,2089549.635,510986.994,2618859.028,9072421.992,2683582.518,8066047.583,17605871.931,197906.714,134732.746,142115.864,2677141.305,787055.853,99815.948,458236.946,1594878.661
2024-06-01,9592099.362,5123569.113,32353430.268,3250010.543,3420977.413,77092.93,8975121.777,536790.805,3093.85,290465.916,1921408.676,514694.287,2397000.234,4443180.71,2643987.565,8665816.383,16600445.61,182120.599,138477.92,130712.516,2798699.508,802973.605,117932.857,545831.041,1954239.91
2024-07-01,10917113.658,5563417.766,31610175.177,3309681.612,4720697.532,121820.145,10369750.003,422412.265,3131.245,334051.301,2067387.688,496394.064,2665584.713,2907235.819,2682817.566,9679899.206,16340222.586,196819.864,141283.092,133026.898,2838551.758,1554386.427,131387.372,670867.987,2364055.746
2024-08-01,11884514.447,6393456.719,30137297.082,3219560.587,5714720.586,198058.313,10990807.173,689862.744,5786.217,354881.471,2260350.23,684094.422,3094130.596,2220478.25,2728429.862,8553821.811,16634567.159,201656.777,143907.867,134426.903,2739569.04,1906459.031,369016.507,625778.945,2813466.103
2024-09-01,11830532.46,6759343.928,28711235.539,3332384.57,7368390.522,257007.125,10980217.447,585581.523,7726.365,356451.713,2223002.605,779428.791,3400460.819,2018558.123,2366433.377,6517229.194,17809014.845,195056.53,161133.453,131269.839,2844924.748,2013697.4,665536.458,526175.37,4162981.294
2024-10-01,10750731.018,7619338.902,29937512.052,3272844.305,8500629.349,246016.923,9897624.282,600063.69,7026.123,403276.747,2713947.866,1009893.12,3492221.1689999998,2439998.967,2315289.977,6873342.991,18308880.117,144351.805,216199.149,133218.176,2779075.175,2187440.077,776583.344,948025.345,4588580.583
2024-11-01,10004584.201,7327936.114,33189606.541,2622794.669,5054402.986,233943.079,9146850.616,617450.556,6339.95,359448.854,2570178.121,1019387.758,3378921.381,2946109.27,2341641.168,7251611.037,20650245.066,124793.782,237835.778,134093.418,2126071.691,1482966.019,251087.046,828360.966,2491988.955
2024-12-01,9409209.744,7743110.824,35745017.253,1971849.236,4440183.44,216196.17799999999,8646013.863,542246.214,4753.489,349934.328,2603652.343,1120134.569,3669389.584,4088195.587,2421057.499,7047372.505,22188391.662,172165.371,240449.77,47735.477,1511498.618,1585471.855,276722.296,644732.392,1933256.897
